epoch,time,train/box_loss,train/cls_loss,train/dfl_loss,metrics/precision(B),metrics/recall(B),metrics/mAP50(B),metrics/mAP50-95(B),val/box_loss,val/cls_loss,val/dfl_loss,lr/pg0,lr/pg1,lr/pg2
1,73.5818,3.87296,5.75153,2.99842,0,0,0,0,3.52697,6.66038,2.70545,0.000524796,0.000524796,0.000524796
2,149.399,3.55988,5.00106,2.56321,0.00012,0.01852,0,0,3.49482,5.87676,2.65354,0.00107941,0.00107941,0.00107941
3,223.561,3.51548,4.71764,2.5841,0.00029,0.03704,1e-05,0,4.61713,8.24368,8.91391,0.00162974,0.00162974,0.00162974
4,298.346,3.55929,4.59427,2.50662,0.00021,0.03704,2e-05,0,4.68651,6.02374,4.36498,0.00165238,0.00165238,0.00165238
5,372.356,3.41885,4.54347,2.42961,0.00634,0.00926,0.00017,3e-05,4.8098,11.5961,25.539,0.00164108,0.00164108,0.00164108
6,449.395,3.20829,4.23856,2.31706,0.00954,0.37037,0.00546,0.00119,3.08727,27.6334,2.30826,0.00162661,0.00162661,0.00162661
7,662.37,3.19991,4.23026,2.31054,0.00699,0.01852,0.00094,0.00018,3.30464,16.2675,2.49546,0.00160905,0.00160905,0.00160905
8,1073.4,3.15747,4.11344,2.28859,0.00576,0.03704,0.00251,0.0007,3.17284,7.32636,2.42743,0.00158847,0.00158847,0.00158847
9,1392.53,3.25643,4.04442,2.26998,0.00128,0.32407,0.00228,0.00069,3.34696,4.94193,2.42201,0.00156493,0.00156493,0.00156493
10,1514.45,3.23766,3.92647,2.28883,0.00487,0.0463,0.00116,0.00024,3.70502,5.95142,3.06612,0.00153854,0.00153854,0.00153854
11,1588.65,3.18548,3.82071,2.30628,0.03019,0.02778,0.00533,0.00112,3.52154,7.99449,2.73046,0.00150941,0.00150941,0.00150941
12,2620.16,3.33893,3.79864,2.37819,0.0247,0.02778,0.00564,0.00117,3.31763,5.05957,2.42568,0.00147764,0.00147764,0.00147764
13,2794.93,3.16146,3.62235,2.26145,0.01748,0.03704,0.00212,0.00057,3.63433,5.15229,2.6596,0.00144335,0.00144335,0.00144335
14,3159.53,3.27454,3.6936,2.33503,0.02021,0.03704,0.00564,0.00132,3.64195,4.43688,2.6169,0.0014067,0.0014067,0.0014067
15,3434.78,3.26978,3.60816,2.35007,0.01435,0.12037,0.0077,0.0028,3.19232,4.30806,2.25629,0.00136781,0.00136781,0.00136781
16,3616.94,3.20502,3.56813,2.2663,0.1679,0.00926,0.00665,0.00201,3.36719,3.77467,2.54446,0.00132685,0.00132685,0.00132685
17,3694.54,3.11193,3.54094,2.26162,0.15594,0.00926,0.007,0.00133,3.59345,3.46901,2.77664,0.00128398,0.00128398,0.00128398
18,3788.88,3.06351,3.55733,2.24801,0.01178,0.00926,0.00615,0.00209,3.39691,3.85543,2.6607,0.00123936,0.00123936,0.00123936
19,3895.53,3.12353,3.54797,2.30269,0.00187,0.39815,0.00744,0.00231,3.43252,3.83127,2.43404,0.00119317,0.00119317,0.00119317
20,4002.73,3.10463,3.41023,2.20556,0.01264,0.01852,0.00529,0.00148,3.4311,4.15712,2.38655,0.0011456,0.0011456,0.0011456
21,4113.01,3.13595,3.42274,2.19897,0.18711,0.03704,0.01817,0.00526,3.40689,3.40333,2.39326,0.00109683,0.00109683,0.00109683
22,4227.65,3.10343,3.40649,2.17362,0.08366,0.02778,0.03328,0.00651,3.16265,3.32789,2.2413,0.00104705,0.00104705,0.00104705
23,4343.98,3.06967,3.48006,2.14718,0.04236,0.06481,0.02363,0.00522,3.22411,3.29145,2.32827,0.000996456,0.000996456,0.000996456
24,4460.71,3.08136,3.38266,2.18911,0.03265,0.33333,0.01762,0.00448,3.24995,3.21197,2.34456,0.000945256,0.000945256,0.000945256
25,4578.34,3.08889,3.32384,2.13845,0.00384,0.68519,0.01354,0.00333,3.08171,3.31385,2.23268,0.000893648,0.000893648,0.000893648
26,4698.17,3.00562,3.36993,2.13161,0.02631,0.36111,0.01675,0.00518,3.13306,3.20731,2.29152,0.000841835,0.000841835,0.000841835
27,4817.64,3.04486,3.32047,2.16652,0.06161,0.08333,0.03192,0.0087,3.15442,2.97472,2.27426,0.000790022,0.000790022,0.000790022
28,4937.17,3.00752,3.29661,2.158,0.07102,0.23148,0.03333,0.00802,3.34399,3.0701,2.36067,0.000738414,0.000738414,0.000738414
29,5057.04,3.00656,3.338,2.13185,0.13522,0.08333,0.04765,0.01255,3.07987,3.10674,2.17774,0.000687214,0.000687214,0.000687214
30,5178.06,2.97785,3.31574,2.13286,0.0673,0.10185,0.03471,0.00958,3.24433,3.03818,2.2967,0.000636625,0.000636625,0.000636625
31,5299.02,2.94283,3.30282,2.13026,0.05446,0.2037,0.03616,0.00898,3.48086,3.21676,2.51118,0.000586845,0.000586845,0.000586845
32,5419.78,2.95668,3.25649,2.13038,0.06674,0.35185,0.07034,0.01477,3.43879,2.9986,2.42572,0.000538072,0.000538072,0.000538072
33,5539.55,2.95484,3.22709,2.03638,0.11484,0.09259,0.05387,0.0113,3.32384,3.04717,2.27557,0.000490497,0.000490497,0.000490497
34,5657.43,2.87786,3.30482,2.06955,0.05245,0.12963,0.05362,0.01209,3.20262,2.97699,2.15942,0.000444309,0.000444309,0.000444309
35,5776.79,2.83413,3.18501,2.04756,0.07301,0.2037,0.04418,0.01091,3.24748,2.97306,2.22725,0.000399689,0.000399689,0.000399689
36,5895.93,2.93842,3.23455,2.10443,0.10129,0.18519,0.04755,0.01334,3.26356,2.88255,2.26161,0.000356815,0.000356815,0.000356815
37,6015.06,2.92515,3.16707,2.09563,0.05711,0.30556,0.03557,0.00813,3.32545,2.99729,2.36907,0.000315855,0.000315855,0.000315855
38,6134.12,2.89013,3.16561,2.08096,0.07672,0.22222,0.04112,0.01105,3.35303,2.94548,2.39922,0.000276971,0.000276971,0.000276971
39,6252.67,2.95642,3.1597,2.09239,0.09298,0.23148,0.06317,0.01771,3.29517,2.86563,2.34759,0.000240316,0.000240316,0.000240316
40,6371.27,2.87868,3.20505,2.05689,0.09463,0.25926,0.06276,0.01831,3.24162,2.83476,2.29606,0.000206034,0.000206034,0.000206034
41,6519.39,2.85682,3.11126,2.1814,0.08263,0.13889,0.05804,0.01753,3.19089,2.81813,2.26419,0.000174262,0.000174262,0.000174262
42,7493.87,2.81374,2.96937,2.13036,0.1038,0.05556,0.05682,0.01576,3.24645,2.78471,2.29685,0.000145125,0.000145125,0.000145125
43,7611.8,2.71808,2.83087,2.09194,0.11023,0.07,0.06681,0.01763,3.24364,2.73316,2.29385,0.000118737,0.000118737,0.000118737
44,7690.24,2.78249,2.77342,2.12764,0.13539,0.07407,0.07341,0.01893,3.2021,2.67648,2.28069,9.52034e-05,9.52034e-05,9.52034e-05
45,7768.17,2.73106,2.68431,2.14687,0.11318,0.08333,0.07255,0.01979,3.20303,2.61713,2.28502,7.4616e-05,7.4616e-05,7.4616e-05
46,9372.09,2.74983,2.65178,2.11795,0.10804,0.10185,0.07418,0.01991,3.24745,2.6065,2.30838,5.70564e-05,5.70564e-05,5.70564e-05
47,10131.4,2.68178,2.63522,2.11215,0.11594,0.10185,0.07413,0.02024,3.21439,2.59997,2.29029,4.25941e-05,4.25941e-05,4.25941e-05
48,10205.4,2.64863,2.61147,2.05625,0.12702,0.17593,0.07855,0.02066,3.2064,2.58126,2.29421,3.12859e-05,3.12859e-05,3.12859e-05
49,10286.6,2.69288,2.60981,2.09442,0.1271,0.17593,0.08788,0.02269,3.20619,2.56427,2.30022,2.31767e-05,2.31767e-05,2.31767e-05
50,10374,2.67615,2.57541,2.10127,0.09945,0.17593,0.08722,0.0227,3.19393,2.55008,2.30001,1.82983e-05,1.82983e-05,1.82983e-05
